50kTYsy4zEgsCx0TtqFmlw,Ms2iCscOqtFROVV-rZd5bQ
K8-FIstAHkgXEl7-J-vsUg,lzaEjjgkzE2ELfn-fU_oRQ
Y2Evc2lnblVwTWFpbC5tZA,jAQH4IeELyJmk0DGlaLubQ
Y3Mvc2lnblVwTWFpbC5tZA,Feg3lR7YFlnIylSyZBoL6Q
Y3kvc2lnblVwTWFpbC5tZA,QQLP1-it9hWeGOvYGkloew
YWYvc2lnblVwTWFpbC5tZA,SKpGVeMK635vV7lYoLF4cA
YXIvc2lnblVwTWFpbC5tZA,uIF4sHm3ye1g69EUc3cfPw
YXMvc2lnblVwTWFpbC5tZA,JJ3flHKUrPYLEWgogSRuRg
YXovc2lnblVwTWFpbC5tZA,dQ5hhwSFTfL9NhWhbjimbA
Ym4vc2lnblVwTWFpbC5tZA,qJopk31hh8Ot_wESmrKdsQ
YmUvc2lnblVwTWFpbC5tZA,eQLrADHUo8mNM9FtYLVFXA
Ymcvc2lnblVwTWFpbC5tZA,ir70MGo_VgOWETqn79_AKg
YnMvc2lnblVwTWFpbC5tZA,Wk6HG2EFaJBVsu8mrSvD3g
Z2wvc2lnblVwTWFpbC5tZA,qZoUapVbh97Xkv1z85HTRA
Z3Uvc2lnblVwTWFpbC5tZA,h6zAESP8pAzQMqTKMCAKYA
ZGEvc2lnblVwTWFpbC5tZA,6_G5bmS22L5HhsFw7qW-Eg
ZGUvc2lnblVwTWFpbC5tZA,jOpcPy0EWUgjBmt1MzsNCw
ZW4vc2lnblVwTWFpbC5tZA,lLDJ85M0kq4iwzHpMWwCcw
ZWwvc2lnblVwTWFpbC5tZA,10uoPJnfXwtN0ZsO227ROw
ZXMvc2lnblVwTWFpbC5tZA,Wc5yd81azkQZBSQIsN0ROw
ZXQvc2lnblVwTWFpbC5tZA,kIDPxk1W-V0MeyBjKL6B9w
ZXUvc2lnblVwTWFpbC5tZA,JTBhS0qF614Ehixun3t5Sw
ZmEvc2lnblVwTWFpbC5tZA,EFS50EMFgZEgxCXpHa8IPw
Zmkvc2lnblVwTWFpbC5tZA,rINu1HFkQwXkJMzlXkWiBw
ZnIvc2lnblVwTWFpbC5tZA,0dzeqaeibJ6qa9zIaIh7sw
a20vc2lnblVwTWFpbC5tZA,DBmPFmeB_KvUpGLn4WFgqQ
a24vc2lnblVwTWFpbC5tZA,gKoI6rX3LEhUS6AgpemwMw
a28vc2lnblVwTWFpbC5tZA,ZQ2OtS29lT1fWOeF09JAwA
a2Evc2lnblVwTWFpbC5tZA,bkAE48iDTEDDDlieQeMjCQ
a2svc2lnblVwTWFpbC5tZA,hwaITNjtwdBbnvjXxCY_WQ
aGkvc2lnblVwTWFpbC5tZA,znwwyoZq_2hju4NDqDGOjw
aHIvc2lnblVwTWFpbC5tZA,qgr55w8mfbQB29tZu9U62Q
aHUvc2lnblVwTWFpbC5tZA,Om_Lv7d2yBPwzn0WL1TiFw
aHkvc2lnblVwTWFpbC5tZA,49JZzxZ6xbgt2bU9D40X4w
aWQvc2lnblVwTWFpbC5tZA,bS-5GAbvetkWj2gSe3TLKA
aXMvc2lnblVwTWFpbC5tZA,_ItaImw8xYt0eFPiExjNDQ
aXQvc2lnblVwTWFpbC5tZA,ToHBqS-8JNW_saVttlasPw
aXcvc2lnblVwTWFpbC5tZA,Ma-4VcJG33jH-ukpgO6w2g
amEvc2lnblVwTWFpbC5tZA,b3W_mPwT-UQyoOvhbaRnnQ
anYvc2lnblVwTWFpbC5tZA,rWcITH_jI_OMT4PTtuV8wg
b3Ivc2lnblVwTWFpbC5tZA,kqc4yZMxOtHYsXsOPElqxg
bG8vc2lnblVwTWFpbC5tZA,ZxvTvCfd2tF0QlP8023jcw
bGIvc2lnblVwTWFpbC5tZA,qitCJSavXsBQlcpkpq_5nQ
bHQvc2lnblVwTWFpbC5tZA,neCVsIdxhu1ZUuEkReIfRg
bHYvc2lnblVwTWFpbC5tZA,rYLqd251-MYb2fN-09c83A
bWsvc2lnblVwTWFpbC5tZA,QDXklDs8a7Gu8taZVZG0sg
bXIvc2lnblVwTWFpbC5tZA,TSd8kId-12xw4bJUr1yy1w
bXMvc2lnblVwTWFpbC5tZA,-9EooG5YrQRSI-5LnZTgdQ
bXQvc2lnblVwTWFpbC5tZA,3lM0ScRucAyM4xTO9q1YWg
bXkvc2lnblVwTWFpbC5tZA,aC9tYyFNFj8Ty9Gx3lXv0g
bm8vc2lnblVwTWFpbC5tZA,oLrqjQXmhrlAJqwvsaMKnw
bmUvc2lnblVwTWFpbC5tZA,w83qGZ2yxYoUFwJ2o4_6wQ
bmwvc2lnblVwTWFpbC5tZA,p7Shiq_ZJjr3FygamfB3rg
c2Qvc2lnblVwTWFpbC5tZA,ygqJDGqeGBlCYrwq-svE_A
c2kvc2lnblVwTWFpbC5tZA,kCg1G423PwGF3JgvUC7gxQ
c2svc2lnblVwTWFpbC5tZA,5x6EscnzsrZIJoW_vM6K5A
c2wvc2lnblVwTWFpbC5tZA,od0-TRtOutNI8bdfSxC-8A
c3Evc2lnblVwTWFpbC5tZA,W8DYJ8mQwQXi3HEk5NoT-w
c3Ivc2lnblVwTWFpbC5tZA,NVr44CeuZR-Dd2FJf64kTw
c3Yvc2lnblVwTWFpbC5tZA,aCgKKpJ3GrtdQpUY6L6yBA
c3cvc2lnblVwTWFpbC5tZA,j_9fkBImfjR9py7BloIKqw
cGwvc2lnblVwTWFpbC5tZA,CqVKgPZAjmQ_4HcpEOUR-A
cHQvc2lnblVwTWFpbC5tZA,vtRB7s1SuenO1bnyZ6-hcQ
cm8vc2lnblVwTWFpbC5tZA,e_osdvcAMHXSaDbT_HIi9w
cnUvc2lnblVwTWFpbC5tZA,-QoG8HSmPQNu32UG2eUHRQ
dGEvc2lnblVwTWFpbC5tZA,fhFKOeMMI0KOjfUpIed6Kg
dGUvc2lnblVwTWFpbC5tZA,a6Yi9-oCNTAcPYi050DirQ
dGgvc2lnblVwTWFpbC5tZA,Z7lLO1spcpXpj389wwaJXw
dHIvc2lnblVwTWFpbC5tZA,6BXNbUilZKLueEqGh16pxQ
dWsvc2lnblVwTWFpbC5tZA,7Xguz-wFD9o_UPlOYIUtQg
dXIvc2lnblVwTWFpbC5tZA,MoVLtMCX_n_uqy7qt42XLw
dXovc2lnblVwTWFpbC5tZA,wYFWIPzdfiSNMPmeRtt_fw
dmkvc2lnblVwTWFpbC5tZA,h2heRhmBqhNxe_EWHsLd2g
emgvc2lnblVwTWFpbC5tZA,uEC40H2XhijSu4Q44c9QiA
r_YP6Dy8FjMmfTq10C2YwA,mxwCbdnVe-eztnpmWw_sdw